bookSearchTerm,searchBand,matchCount
Brothers,common,113
Medicine,common,172
Reagan,medium,96
macro,medium,33
Words,common,496
Jordan,medium,17
Napoleon,medium,20
Getting,common,342
Library,common,932
Authentic,medium,66
Literature,common,246
Cooking,common,934
Sacred,common,103
Encyclopedia,common,462
Meals,common,237
Awakening,medium,58
Come,common,575
Ideas,common,473
Crafted,medium,13
Marry,medium,15
Solzhenitsyn,rare,1
Sector,rare,10
Warp,medium,35
30th,rare,3
Blue,common,473
Kids,common,654
America,common,4856
Novel,common,4110
Story,common,3364
comprehensive,common,120
Exam,medium,100
Novel,common,4110
High,common,536
Communication,common,165
year,common,1261
CHICKEN,common,247
Solver,medium,29
Delano,rare,3
Boardroom,rare,7
Time,common,2027
Wife,common,143
European,medium,59
today,common,414
Trucks,medium,24
Crafts,common,287
Full,common,244
Desserts,common,118
Life's,common,127
Monticello,medium,12
Prairiescapes,rare,1
Going,common,126
Jack,common,250
Quilting,medium,100
Unforgettable,medium,32
Feel,common,200
Physics,medium,73
Generations,medium,24
Jewish,common,208
Paperback,common,339
Basic,common,338
Confidential,medium,35
Play,common,632
Party,common,183
Writing,common,570
Basement,medium,17
Wounded,medium,16
Presidents,medium,98
Understanding,common,323
Conduct,medium,19
Eyewitness,common,218
Fall,common,313
Illustrated,common,538
Camouflage,rare,2
Photography,common,184
Anne,common,269
Easter,common,181
Hair,common,110
Oggie,rare,6
Discovery,common,140
Colors,medium,71
Fall,common,313
Broadcast,rare,10
Intrusions,rare,1
Father,common,364
Deals,medium,83
Invisible,medium,59
Things,common,497
It's,common,263
Crimes,medium,72
Redneck,medium,17
Bouquet,medium,20
management,common,386
Instance,rare,2
Maugham,rare,2
Crisis,common,174
Deep,common,145
World,common,2941
Five,common,288
Computers,medium,39
Tuesday,medium,12
Hill,common,326
Passion,common,260
Living,common,956
Quilting,medium,100
Medicine,common,172
Success,common,638
Planning,common,159
Confessions,medium,88
Social,common,264
Heart,common,1185
Hart,medium,89
Silent,medium,86
Truth,common,326
1825,rare,1
World,common,2941
Studs,rare,2
Whispers,medium,26
Story,common,3364
America,common,4856
Fortune,medium,88
Blue,common,473
CONFESSION,common,115
Wear,medium,76
Taking,common,140
Sharon,medium,16
Education,common,220
Better,common,711
Father's,medium,69
Book,common,10899
Gecko,medium,14
Stock,medium,95
Soul,common,459
Agatha,rare,6
Smart,common,305
Love,common,2132
Penguin,common,274
Robber,medium,17
Self,common,784
Howard,medium,21
Central,medium,43
Elsa,rare,2
Japan,common,172
Speeches,medium,34
Sonet,rare,1
King,common,3539
phases,rare,4
Culture,common,296
McNally's,medium,17
Uncivil,rare,9
Grand,common,276
Baby,common,550
Weapons,medium,47
Rosch,rare,2
Journey,common,635
Sisters,common,172
Fifty,common,112
Hobbies,rare,5
Presidency,medium,83
Throws,rare,4
Liberty,medium,92
Expanding,medium,11
Meets,medium,26
Guide,common,5846
Yukon,rare,9
Casebook,medium,22
Ghosts,medium,65
Reich,medium,13
Daughter,common,357
According,medium,53
Bridget,rare,7
Gastroenterologist,rare,1
L'Affaire,rare,2
Santee,rare,2
Demonology,rare,3
Catherine,medium,22
First,common,1190
Cabinet,medium,37
Essential,common,532
Cookbook,common,1327
Come,common,575
Ourselves,medium,44
William,common,249
mothers,common,148
House,common,1170
Burning,medium,70
Vera,medium,49
Everything,common,504
Secure,medium,20
Friend,common,748
Berkshire,rare,5
Complete,common,1511
Biography,common,373
Novel,common,4110
Dances,rare,10
Guide,common,5846
Sacred,common,103
Chicago,medium,60
Sailors,rare,3
Masters,medium,87
giving,common,134
Devils,rare,7
Poor,medium,54
Don't,common,365
Sexual,common,152
Rivals,medium,18
America's,common,657
Essentials,common,125
Burning,medium,70
Love,common,2132
Away,common,212
Club,common,363
21st,common,118
Games,common,204
Influence,medium,54
Spirit,common,708
Inside,common,475
Election,common,151
Hypericum,rare,3
Inside,common,475
Sneeze,rare,4
Grafton,rare,6
Quality,common,104
Stranger,common,101
Talk,common,365
Shipwrecked,rare,3
Desk,medium,64
1959,rare,6
Miracles,medium,82
Wake,common,139
Children,common,1036
Thunder,medium,61
Unless,medium,17
Snacks,medium,26
July,medium,19
Please,medium,49
Cross,common,447
Strategies,common,288
Transcending,rare,3
Dreamworks,rare,2
Borrowers,rare,8
Artists,medium,62
Vila's,rare,2
Voyageur,rare,1
Paper,common,642
race,common,419
Stewardship,rare,8
Petal,rare,6
When,common,611
Simon,medium,60
Permanent,medium,44
Children,common,1036
Curas,rare,2
Dodge,rare,6
mathematics,medium,76
Bolan,medium,17
Alibi,medium,11
History,common,1608
beachwalker's,rare,1
Success,common,638
Richard,common,125
House,common,1170
Black,common,561
Garden,common,1379
House,common,1170
Wordsworthian,rare,1
Sociology,medium,34
Guide,common,5846
It's,common,263
Breath,medium,64
Suzanne's,rare,2
Shortcuts,medium,31
Earth,common,432
Lunch,medium,51
John,common,471
Basics,common,131
Beginning,common,172
Straightforward,rare,5
equal,medium,38
Core,medium,94
Freedom,common,254
Image,common,172
Best,common,1431
Veteran's,rare,3
KISS,common,214
Waiting,medium,58
Magic,common,448
Painter,medium,14
McNair's,medium,14
Power,common,1006
Fields,medium,55
Orphan,medium,28
Fringe,rare,4
Science,common,766
book,common,10899
Treasury,common,307
Sackville,rare,2
Story,common,3364
News,common,174
Book,common,10899
WOMEN,common,1222
Music,common,268
Infinitive,rare,1
Sight,common,185
He's,medium,32
World,common,2941
Really,common,183
Health,common,1245
Presidential,medium,89
1996,medium,34
Portraits,medium,75
Entwining,rare,1
1945,medium,73
BRACE,medium,43
Father,common,364
Running,common,116
Honor,common,183
Getting,common,342
Meals,common,237
American,common,2910
Monologues,medium,20
Voters,rare,3
Fathers,medium,85
America's,common,657
Reaching,medium,42
Cape,common,250
Internet,common,138
Life,common,3932
Littlest,medium,15
Doomsday,medium,16
Imperial,medium,48
Cooking,common,934
Rowbarge,rare,1
Rooms,common,113
Corning,rare,1
States,common,352
Exploring,common,123
Reference,common,341
Scott,medium,49
Breakdown,rare,8
Alex,common,168
study,common,409
Series,common,3171
Hollies,rare,1
Cirque,medium,11
Happy,common,282
Mainstream,medium,12
Glass,common,164
Creative,common,408
Handbook,common,869
Good,common,959
Bread,common,106
Point,common,258
collection,common,777
marriage,common,258
Caesar,medium,28
Sasquatch,rare,1
Recycled,rare,4
Sprat,rare,2
Complete,common,1511
Dancing,medium,79
Greek,medium,78
Algebra,medium,68
Recipes,common,1481
Disney,common,448
applied,medium,30
Kept,medium,40
Thriving,medium,17
Conscious,medium,36
Benedict,medium,15
Coffins,rare,2
Witch,common,171
Doubleday,medium,15
Runner,medium,55
Harmonious,rare,6
Military,common,166
Fire,common,508
Paul,common,166
Success,common,638
Program,common,421
five,common,288
DERVISH,rare,1
Mafia,rare,10
Incident,medium,28
Recruiters,rare,3
Bilingualism,rare,2
Special,common,357
Guide,common,5846
surgery,medium,29
Featuring,medium,78
Free,common,660
Wilson,medium,42
Point's,rare,1
News,common,174
Performances,rare,3
Whispers,medium,26
rhythms,rare,5
Lives,common,348
Beautiful,common,251
System,common,297
Early,common,259
Secret,common,1247
Bass,medium,87
Word,common,867
Firefly,rare,9
Communication,common,165
Logic,common,202
Kennedy,common,137
Ava's,rare,2
Comunicacion,rare,2
Nuclear,medium,52
Identifying,medium,13
Accounting,medium,84
Company,common,181
First,common,1190
Nation,common,1160
Passages,medium,27
Home,common,2250
You're,common,189
Seventh,medium,41
Remedies,medium,86
Soar,medium,40
Philosophy,medium,82
schedule,rare,10
Honor,common,183
1934,rare,8
Worlds,medium,95
Confessions,medium,88
Consultative,rare,2
Religious,medium,81
Poison,medium,20
Asia,common,111
Storybook,common,173
Novel,common,4110
footprint,medium,19
Georgetown,rare,10
story,common,3364
writing,common,570
Friends,common,558
Solutions,common,174
Menopause,medium,62
Unicorn,medium,24
Sewing,medium,88
Mankind,medium,21
Idiot's,common,169
Biographical,medium,29
Airborne,rare,10
West,common,536
Clea,common,288
Story,common,3364
Dishes,medium,86
Beware,medium,14
Great,common,1902
Everything,common,504
Alpha,common,116
Power,common,1006
Beatitudes,rare,9
Voices,medium,95
Account,common,214
Digest,common,120
Home,common,2250
Child,common,1822
21st,common,118
Side,common,1383
Papers,medium,90
World,common,2941
Novel,common,4110
Ordinary,common,225
Words,common,496
Ultimate,common,433
Jonathan,medium,14
Name,common,334
women,common,1222
System,common,297
Misanthrope,rare,2
Beauty,common,213
Company,common,181
Sigma,medium,21
Nighttime,rare,9
Guides,common,671
Book,common,10899
Peru,medium,13
Night,common,972
Decor,common,488
Celebration,common,211
Soup,common,245
Grandma,medium,56
Series,common,3171
Finest,medium,31
Prize,medium,81
America,common,4856
Ramona,medium,13
Blood,common,311
Better,common,711
Recipes,common,1481
Rambunctious,rare,2
Planning,common,159
Tara,medium,17
Amway,rare,3
Companion,common,337
Men,common,5217
Three,common,384
Ways,common,660
Waiting,medium,58
genealogical,rare,3
Frederick,medium,40
Language,common,318
Friend,common,748
Championship,medium,13
Novel,common,4110
Memoir,common,418
Point,common,258
Collegiate,rare,2
Ultimate,common,433
Moral,medium,91
Nukespeak,rare,1
Ghost,common,235
Detective,common,114
Defying,rare,8
Motivate,medium,25
Golden,common,577
Novel,common,4110
Hits,medium,22
Call,common,417
Canoeing,medium,11
People,common,946
School,common,656
Fatherhood,medium,18
Little,common,1345
Novel,common,4110
There's,medium,53
Comes,common,109
Families,common,137
Gardens,common,530
Resume,medium,60
American,common,2910
Typewriter,rare,2
Horrors,rare,5
Life,common,3932
Wisdom,common,365
Woman,common,693
Time,common,2027
Donne,medium,12
Book,common,10899
Convoy,rare,1
Core,medium,94
Wordsworth,medium,73
American,common,2910
Introduction,common,310
Infamy,rare,3
Jewish,common,208
Easy,common,843
Mary,common,370
Decorations,medium,35
Lost,common,374
Horse,common,302
Morning,common,111
Secret,common,1247
Sanity,medium,15
Book,common,10899
Cookbook,common,1327
Murder,common,368
Thousand,medium,81
Prayers,common,167
History,common,1608
Guide,common,5846
Strategy,common,134
Cats,common,168
remember,common,207
Tales,common,633
Nutshell,medium,48
Secret,common,1247
search,common,500
Guilt,medium,63
Bonnie,rare,10
Pulling,rare,7
Retiring,rare,6
Iris,common,138
rhymes,medium,77
Want,common,350
Corridor,rare,3
Society,common,252
Skating,medium,19
Living,common,956
Mystery,common,887
Plants,common,132
Navy,medium,45
Mapmakers,rare,2
Films,medium,25
techniques,common,363
Coleman,rare,6
Pasta,common,121
Tried,medium,12
Twist,medium,66
Poetry,common,158
Achieving,medium,63
Encyclopedia,common,462
Family,common,1094
Mickey,medium,43
Mediterranean,medium,26
Game,common,552
Fall,common,313
Country,common,677
Layered,rare,3
Truth,common,326
Diet,common,370
very,common,1925
Hurts,medium,31
Combat,medium,58
Rebellion,medium,18
Avoid,medium,64
Words,common,496
Pussycat,rare,7
Witch's,rare,7
Learning,common,328
Chicken,common,247
Allies,medium,14
Survivor,medium,55
Lizzie,medium,27
Very,common,1925
Ballad,medium,13
Jewish,common,208
Guide,common,5846
Parent's,medium,84
Calvin,rare,10
John,common,471
Notes,common,262
Barnes,medium,94
Beautiful,common,251
Cunning,rare,6
Business,common,745
Irrational,rare,3
Assembly,rare,9
Face,common,228
Decorations,medium,35
Hood,common,369
Christmas,common,988
Inspirations,medium,37
Need,common,567
Moon,common,346
Cults,medium,11
Puzzles,medium,92
Below,medium,17
Songs,common,125
Celebrates,medium,12
Stories,common,1595
Triviography,rare,1
Founding,medium,36
Managerial,medium,28
Swallowed,rare,6
Harbor,medium,67
Quiet,medium,79
Cool,medium,99
Tale,common,974
Rich,common,330
Encyclopedia,common,462
November,rare,7
We're,medium,27
Magdalene,rare,9
Sinai,rare,5
Travel,common,609
Diet,common,370
Nation,common,1160
Making,common,588
Novel,common,4110
Runaway,medium,44
Novels,common,324
Thunder,medium,61
Advice,common,164
Partners,medium,50
president,common,379
Shepherds,medium,12
Abundance,medium,22
Stories,common,1595
Better,common,711
Government,common,139
Basketball,medium,42
Inner,common,496
Libs,medium,18
Read,common,2524
Clutter,medium,56
Combat,medium,58
Lesson,common,340
Dinosaurs,common,121
Baby,common,550
Picturebacks,rare,8
Brothers,common,113
Reliant,rare,3
Measle,rare,1
Yearling,medium,15
Jackie,medium,36
historic,common,307
Sunday,medium,57
Internationally,rare,1
Names,medium,61
Scorpion,medium,14
Classical,medium,45
Treats,medium,63
Color,common,463
Florence,medium,37
Meg,medium,66
Wedding,common,201
Jones,medium,85
Billie's,rare,1
Christmas,common,988
Life,common,3932
Psychiatry,medium,39
Merchants,rare,6
Style,common,460
Schedule,rare,10
Edition,common,2259
Left,common,118
Behavior,common,206
Agony,rare,4
Tyler,medium,15
World,common,2941
Dying,medium,63
Easy,common,843
Hour,common,168
Loving,common,141
Using,common,230
Alaska's,rare,8
Paperback,common,339
Bike,medium,42
Shogun,rare,3
Apples,medium,34
Godly,medium,16
Medicine,common,172
Blessings,medium,66
Mouse,common,102
River,common,240
Young,common,548
Creepy,medium,15
Well,common,469
Heartstopper,rare,1
Review,common,166
Child,common,1822
Novel,common,4110
Hope,common,373
Linda,medium,11
Level,common,636
Being,common,267
Ultimate,common,433
Wings,common,107
CHAPTER,common,107
Footprints,medium,16
Gardens,common,530
Morons,rare,3
Book,common,10899
Yourself,common,362
Know,common,935
Adventures,common,496
Children,common,1036
Cookies,medium,74
Book,common,10899
Oath,medium,13
Wicked,medium,70
Three,common,384
hunt,common,293
Days,common,504
Alphabet,medium,93
Passage,medium,67
bridge,common,221
Sam's,rare,5
Zero,medium,44
Maryland,common,170
Bridge,common,221
RECTOR'S,rare,4
Antique,common,117
Gorilla,medium,13
Look,common,597
Little,common,1345
Board,common,319
Characters,medium,34
That,common,1193
Morning,common,111
Every,common,1541
Surprises,medium,11
Easy,common,843
Heal,common,1649
Dared,medium,12
Fitzgeralds,rare,1
Lamentations,rare,2
Play,common,632
System,common,297
Great,common,1902
Pass,common,493
Cadette,rare,1
Tomatoes,medium,12
Wild,common,503
Hitched,rare,3
Diana,medium,57
Human,common,391
Meditations,common,106
Manual,common,462
Century,common,567
China,common,208
Kiss,common,214
Conspiracy,medium,44
Magi,common,538
Food,common,787
ASPECTS,medium,27
Ansel,medium,22
Hooper's,rare,2
Tell,common,498
Favorite,common,552
Love,common,2132
Millhone,medium,25
Hideaway,rare,8
Edition,common,2259
Inspector,medium,52
Love,common,2132
Duncan,medium,28
America's,common,657
First,common,1190
Fabric,medium,58
Rocks,medium,28
Lincoln,common,142
Excalibur,rare,5
Learning,common,328
horseshoe,rare,7
Cane,medium,53
Rumor,rare,10
Prosperity,medium,28
Steps,common,233
Hummingbird,rare,9
Roosevelt,medium,79
Calf,rare,1
Museum,common,143
Days,common,504
Sons,common,635
Literary,medium,87
Proven,common,124
Night,common,972
Luck,common,113
Love,common,2132
Bush,common,188
Wolf,common,116
Concepts,medium,69
Elegant,medium,45
McNally,medium,40
Wolfbane,rare,1
Pure,medium,54
Sizes,rare,8
Hawk's,rare,6
Library,common,932
Conferences,rare,5
Crook,medium,18
Warren,medium,22
Yardsticks,rare,1
Behaviour,rare,6
Clifford,medium,53
Cool,medium,99
Level,common,636
Animals,common,246
Controversy,medium,19
Boys,common,241
From,common,3626
Darksword,rare,3
Whisper,medium,68
Make,common,959
Diet,common,370
Books,common,1810
True,common,611
Novel,common,4110
Nature,common,393
Selected,common,148
Moon,common,346
Unleashed,medium,15
Kids,common,654
Boat,medium,81
Angels,common,215
Hand,common,1300
Step,common,1012
Aladdin,medium,53
Drawing,medium,86
Eyewitness,common,218
Alibi,medium,11
Story,common,3364
Teach,common,575
Minute,common,443
Monet's,rare,5
Strike,medium,43
Name,common,334
Organic,medium,69
Mountain,common,220
Rants,medium,46
Hunter,common,142
Goose's,rare,3
Reports,medium,37
Broken,medium,97
Horses,common,103
Bible,common,839
Case,common,346
Guide,common,5846
Brother,common,190
Jesus,common,382
Lies,common,422
Creeds,rare,3
Chimaera's,rare,1
Novel,common,4110
Dealing,medium,42
Author,common,195
Backyard,medium,82
Bright,common,129
Religiously,rare,4
Official,common,243
Book,common,10899
Family,common,1094
PROFIT,common,151
excellent,medium,17
Judge,medium,29
Sharing,medium,60
History,common,1608
Adventure,common,815
Paula,medium,18
Ribbon,medium,33
Miracles,medium,82
Cliffs,common,172
Investigation,medium,49
Strategy,common,134
Emma,medium,78
Fiction,common,312
Novel,common,4110
Point,common,258
Last,common,736
Staying,medium,57
Easy,common,843
Ayatollah,rare,4
Weight,common,331
March,medium,55
Timescale,rare,1
Living,common,956
Bottom,medium,41
Cultural,common,122
Urban,medium,70
Death,common,491
Celebrations,medium,60
Lifetime,medium,97
Relationships,common,137
Lift,common,112
Level,common,636
Introduction,common,310
STORY,common,3364
Name,common,334
Books,common,1810
Generation,common,188
Discusses,rare,1
Private,common,141
Success,common,638
Penguin,common,274
Waht,rare,1
Roses,medium,86
Life,common,3932
Economy,common,117
Ninth,rare,8
Rapp,medium,53
Spectra,medium,14
Sorceress,rare,5
Historians,medium,13
Walks,medium,49
Transformation,medium,66
Success,common,638
Words,common,496
Investing,medium,82
Lost,common,374
Shooting,medium,43
Revolution,common,387
Daughter,common,357
Challenges,medium,74
Children's,common,277
Drew,common,114
Green,common,279
Playing,medium,63
Hunter,common,142
Journey,common,635
Washinton,rare,1
Maggie,medium,22
Readers,common,313
Embers,medium,39
Human,common,391
Courtesan,rare,8
Journey,common,635
More,common,1085
Lakes,medium,29
Global,common,202
Phenomenon,medium,11
Piece,common,108
Wood,common,364
Drugs,medium,77
National,common,670
Science,common,766
Life,common,3932
Touch,common,255
Peoples,medium,37
Mystery,common,887
Christian,common,469
Beyond,common,356
corner,medium,92
Cook's,medium,44
Cubed,rare,1
Copycat,rare,4
Book,common,10899
Nerd,rare,9
Poems,common,309
Teams,medium,41
Collector,common,105
Fabulous,common,129
Wizard's,medium,14
Island,common,220
Cooking,common,934
Chase,medium,65
Confirming,rare,1
Moonlight,medium,17
Harvard,medium,60
Prayers,common,167
Writer's,medium,99
Book,common,10899
Decade,medium,60
Lauder,rare,1
Novel,common,4110
Monograph,medium,15
Wilde,medium,92
Dummies,common,324
Erotic,medium,38
Therapy,common,153
Fabulous,common,129
Best,common,1431
Walt,common,159
Experience,common,169
Artist's,medium,29
Madriani,medium,12
Cooking,common,934
Christmas,common,988
Uncle,medium,60
Stalin,medium,13
Management,common,386
Stories,common,1595
Neighbors,medium,23
Bateman,rare,1
Jonah,medium,15
planet,common,333
Friendships,medium,16
Guide,common,5846
Nothing,medium,83
Horse,common,302
People,common,946
Limitations,rare,3
China,common,208
O'Donnell,rare,7
Intimacy,medium,59
Life,common,3932
Wonderful,common,123
Epic,medium,70
Cloud,medium,51
Princess,common,201
focused,rare,9
Stepping,medium,61
Learn,common,723
Ourselves,medium,44
Pride,medium,57
Allergy,medium,16
Quiet,medium,79
Whole,common,121
Shrinks,rare,4
Tale,common,974
Lead,common,611
Trad,common,437
Novel,common,4110
State,common,640
Path,common,266
Better,common,711
Mysteries,common,589
Celebrations,medium,60
Killing,medium,53
Volume,common,556
Obedience,medium,21
Management,common,386
Heart,common,1185
PLAN,common,1209
Illusion,medium,53
Summit,medium,12
Darkyn,rare,4
Series,common,3171
Legend,common,239
Gospel,common,106
Wind,common,426
Embarrassing,rare,4
Instruction,common,117
Tell,common,498
Artists,medium,62
Festivals,rare,9
Midnight,common,127
Globe,medium,20
Sterile,rare,1
Fuzzy,medium,27
Printing,medium,15
Photography,common,184
KNOTS,rare,5
Chocolate,common,141
Test,common,803
Witty's,rare,1
Favorite,common,552
Manager's,medium,27
Let's,common,135
Decorative,medium,96
Could,medium,92
Island,common,220
Creative,common,408
Stackhouse,medium,15
Ortho's,medium,45
First,common,1190
Lion,common,323
Fifth,medium,74
Soldier,common,138
Delaware,medium,61
Reader,common,969
Primer,medium,76
Northeast,medium,15
Magnificent,medium,25
Writers,common,215
Gourmet,common,160
Questions,common,314
Farriers,rare,1
Forests,medium,18
Breath,medium,64
Gate,common,162
Purchase,medium,25
Fdr's,rare,4
Nouf,rare,2
Cemetery,rare,10
Tales,common,633
Regime,medium,18
Garden,common,1379
Courage,common,241
garden,common,1379
African,medium,96
Stars,common,186
Organize,medium,75
Watching,medium,54
American,common,2910
anthology,common,214
Writing,common,570
Confident,medium,73
Potential,medium,45
Ethics,medium,74
Mermaid,medium,41
Children,common,1036
Personality,medium,63
Guide,common,5846
Sixtieth,rare,2
planning,common,159
Great,common,1902
Moments,common,135
Southwest,medium,66
Dachshunds,rare,2
Recipes,common,1481
Dark,common,458
Happen,common,146
Questions,common,314
reindeer,medium,22
Rostnikov,rare,1
Progressive,medium,25
Presidential,medium,89
Ancient,common,210
Series,common,3171
Secrets,common,617
Self,common,784
Upon,medium,69
Hobbit,rare,3
Dora,medium,69
Saga,common,126
Revelation,medium,42
Sarah,medium,51
Walk,common,354
Book,common,10899
Questions,common,314
Vietnam,common,116
Israel,common,116
Importance,medium,13
Santas,rare,2
Methods,medium,72
Hidden,common,170
Secret,common,1247
Activities,common,129
Food,common,787
Door,common,285
Hello,common,141
Comfort,common,129
Sister's,medium,16
Forever,common,213
Fiction,common,312
Books,common,1810
Never,common,276
Hoot,medium,100
Survival,common,277
Wolf,common,116
Women,common,1222
Crescent,medium,12
Good,common,959
Dowling,rare,7
Important,medium,83
Contemporary,common,318
Greatest,common,312
Long,common,531
Treasure,common,276
Million,medium,99
Talk,common,365
Alarms,rare,2
Cures,medium,56
Mystery,common,887
Lazarus,medium,27
Deepest,medium,14
Wiring,medium,20
Treason,medium,17
Life,common,3932
Loving,common,141
Fools,medium,16
Reading,common,726
Informative,rare,8
Journal,common,265
Stones,common,118
Writer's,medium,99
Some,common,395
Pocket,common,293
Concrete,rare,9
Billion,medium,21
ASSISTANT,rare,10
Crisis,common,174
Japan,common,172
Arizona,medium,27
Fishing,medium,70
Complete,common,1511
Tell,common,498
Facelifts,rare,2
Confidence,medium,56
Darkness,common,106
Rush,medium,77
Girl,common,903
Blood,common,311
Chronicles,common,239
Step,common,1012
Tower,medium,49
Book,common,10899
Other,common,2105
Adversary,rare,4
Knows,medium,35
Beginner,common,167
Married,medium,55
Breakfast,medium,85
Install,medium,29
Photo,common,558
Biblical,medium,84
Inspirational,common,130
Steed,rare,1
Pains,rare,4
Lessons,common,306
Stars,common,186
Famous,common,143
Make,common,959
Civil,common,528
programming,medium,65
Child's,common,174
Better,common,711
Decorating,common,270
History,common,1608
Publications,medium,18
Fiction,common,312
Approaches,medium,32
Edward,medium,45
Page,common,106
Design,common,574
Adventures,common,496
Tell,common,498
Island,common,220
World,common,2941
1988,medium,41
People,common,946
help,common,493
Atlas,common,231
Ghosts,medium,65
Romances,medium,17
Spanish,common,189
Let,common,2495
Purgatory,rare,3
Bank,medium,88
Bourne,medium,18
Magic,common,448
Smoothies,medium,22
Light,common,957
Pregnant,medium,14
Gambling,medium,19
People,common,946
House,common,1170
Roadside,medium,14
Went,common,258
American,common,2910
Strength,common,119
Make,common,959
1914,medium,23
Means,medium,49
Hugs,medium,40
Sports,common,268
Incognito,rare,2
Contemporaries,medium,40
Christmas,common,988
Black,common,561
Reformation,medium,13
Cain,medium,21
Novel,common,4110
McPherson,rare,1
Squadron,rare,3
Vermont,medium,12
Travels,medium,69
Living,common,956
Family,common,1094
Hanukkah,medium,31
The,common,46970
Mysterious,medium,55
History,common,1608
Naked,medium,73
Experiment,medium,77
Diabetes,common,110
Book,common,10899
Day's,common,170
Bantam,medium,97
Life,common,3932
Books,common,1810
Healing,common,353
Slashing,rare,1
Lives,common,348
Back,common,1041
Unladylike,rare,1
Casual,medium,25
Puffins,medium,23
Trust,common,117
Water,common,422
Gammage,rare,2
Faithless,rare,3
Guide,common,5846
Tilt,rare,10
Bachelor's,rare,5
Complete,common,1511
America,common,4856
Favorite,common,552
Family,common,1094
Revenge,medium,49
Need,common,567
Passion,common,260
Will,common,714
Restore,medium,35
Guides,common,671
restored,rare,6
Crisis,common,174
Exercise,common,116
Freak,medium,39
Divided,medium,20
Classics,common,809
Step,common,1012
Like,common,399
The,common,46970
Sell,common,249
Mistress,medium,48
Wind,common,426
Nerds,rare,4
Wages,rare,5
Simple,common,496
Second,common,426
Leading,common,114
Mass,common,138
What's,common,150
Empress's,rare,1
Global,common,202
Finer,rare,2
Wild,common,503
Immortals,medium,13
Stephanie,medium,37
United,common,295
Firehouse,rare,9
Conflict,common,143
Stealing,medium,22
Step,common,1012
Life,common,3932
Prince,common,367
1001,medium,73
American,common,2910
Novel,common,4110
Interpretation,medium,37
Book,common,10899
Flower,common,320
Splendor,medium,24
Beggar's,rare,4
Peabody,rare,10
Romantic,medium,97
Lake,common,141
Would,medium,93
History,common,1608
Thrifty,rare,1
Twayne's,rare,2
Statue,medium,11
Death,common,491
Gardener's,medium,63
Adam,common,152
Jian,rare,2
Celebrate,common,106
Romance,common,280
Handbook,common,869
Right,common,573
Nonviolence,rare,1
Structures,medium,25
Fairies,medium,31
Harriet,medium,18
testament,common,153
Forever,common,213
Flowers,common,180
Taking,common,140
Weight,common,331
Spirit,common,708
Harvest,medium,74
Rugged,rare,1
Forge,medium,94
Learn,common,723
Replace,medium,17
Team,common,153
Eating,common,532
Love,common,2132
Beck's,rare,2
Star,common,1111
Origin,common,239
Techniques,common,363
Kids,common,654
Congress,medium,89
Baseball's,medium,44
Action,common,235
Life,common,3932
Ives,common,694
Suttas,rare,1
Frogs,medium,14
Leo,common,139
Lovers,medium,72
Events,medium,86
Harley,medium,16
Battle,common,331
Forgotten,medium,44
Bake,medium,99
backyard,medium,82
Affirmative,rare,3
Little,common,1345
Destination,medium,26
American,common,2910
Guide,common,5846
Great,common,1902
Games,common,204
Doppelganger,rare,2
Boscastles,rare,4
Glamour,medium,11
Kingmaker,rare,1
Travel,common,609
book,common,10899
King,common,3539
Little,common,1345
Heartbreak,medium,22
Party,common,183
Quilt,common,286
Quick,common,470
Things,common,497
September,medium,34
Book,common,10899
Crimes,medium,72
common,common,263
Behavior,common,206
Leonardo,medium,22
Circle,common,207
Christmas,common,988
American,common,2910
Heart,common,1185
Finger,medium,58
Gettysburg,medium,44
Facilities,rare,4
Caillou,rare,8
Poems,common,309
Darcy,medium,19
Wild,common,503
Complete,common,1511
Dream,common,624
Patrick,medium,34
Thesaurus,medium,57
Jessica,medium,11
Vitality,medium,28
President,common,379
Ribber,rare,1
Wilde,medium,92
Erase,rare,7
2009,medium,57
Tempting,medium,17
Bible,common,839
Judy,medium,14
Most,common,620
Daughters,common,138
Quiz,medium,58
Praying,medium,54
More,common,1085
Workbook,common,133
Series,common,3171
Nature,common,393
Next,common,231
Seal,medium,35
Twelve,medium,80
Everyone,common,121
Beach,common,102
Volume,common,556
Tree,common,689
Ones,common,495
Adventure,common,815
thesaurus,medium,57
terms,medium,47
Family,common,1094
Runaway,medium,44
Recipe,common,1555
Whale,medium,73
Riding,medium,50
Heartbeat,medium,13
Garden,common,1379
Nisei,rare,1
American,common,2910
Independent,medium,49
Colony,medium,15
Book,common,10899
Color,common,463
Buenos,rare,4
Chicken,common,247
Life,common,3932
Athletes,medium,12
Network,common,128
STEWARDSHIP,rare,8
Steps,common,233
Progressive,medium,25
Player,medium,88
Remember,common,207
Once,common,269
Book,common,10899
Good,common,959
Bride,common,240
Light,common,957
Cooking,common,934
Based,common,122
Photographs,common,109
City,common,435
Embellishments,rare,10
Power,common,1006
Star,common,1111
1977,medium,11
Umpire's,rare,1
Beginning,common,172
Step,common,1012
Adventure,common,815
Journey,common,635
Novel,common,4110
Language,common,318
Washington,common,512
God's,common,424
Grace,common,208
Boat,medium,81
Babies,medium,81
Cartoons,medium,45
Fitness,common,139
Fabian,rare,1
Review,common,166
Transvestism,rare,1
Plans,medium,63
Sparrow,medium,21
Custom,common,165
Ancestors,medium,17
Taste,common,182
Book,common,10899
Night,common,972
Coco,medium,25
Life,common,3932
Diego,medium,17
Praying,medium,54
Perspectives,medium,76
Book,common,10899
Rider,medium,77
Guide,common,5846
Poirot,rare,4
Modern,common,527
Foreign,common,123
Congress,medium,89
Walking,common,109
Answer,common,387
Plant,common,224
Planet,common,333
Techniques,common,363
Politics,common,383
European,medium,59
Blush,rare,2
Kept,medium,40
Gandhi,medium,17
Meets,medium,26
Making,common,588
death,common,491
Novel,common,4110
Novel,common,4110
Kids,common,654
Giants,medium,23
Past,common,365
stories,common,1595
Voices,medium,95
Networking,medium,44
Reader,common,969
Jack,common,250
Modesitt,rare,1
True,common,611
Darwin,medium,42
Peter,common,223
Fatal,medium,37
Point,common,258
Resurrection,medium,31
CAPER,medium,22
Ladies,common,117
Strategy,common,134
Studio,medium,35
Emergence,medium,14
Simple,common,496
Secrets,common,617
Great,common,1902
Civil,common,528
It's,common,263
Book,common,10899
Irving,rare,9
Marvel,medium,23
Complete,common,1511
Campbell's,medium,31
Arizona,medium,27
Chronicle,common,316
Books,common,1810
Instant,medium,68
Puzzlemania,rare,7
Carolina,medium,62
Bible,common,839
Earth,common,432
People,common,946
featuring,medium,78
Tantalize,rare,4
Ninety,rare,10
Really,common,183
Wings,common,107
Fabulously,rare,4
Book,common,10899
York,common,274
Readers,common,313
Boyfriend,rare,10
Level,common,636
Novella,medium,61
Christianity,medium,73
Host,common,298
Guest,medium,23
Property,medium,25
Diet,common,370
Surplus,rare,2
Novel,common,4110
Dummies,common,324
Global,common,202
Environments,rare,5
Noble,common,104
Lean,common,270
Foresman,rare,6
Courtship,medium,20
Classic,common,1256
Dummies,common,324
Girl,common,903
Book,common,10899
Scoundrels,rare,4
Minute,common,443
Maggie,medium,22
Abnormal,medium,22
Wedding,common,201
Dogs,common,191
Bells,medium,24
Patchwork,medium,59
Enemies,medium,42
Book,common,10899
Book,common,10899
Guide,common,5846
Jehovah's,rare,4
Unexpected,medium,57
Amelia,medium,67
Fall,common,313
Bridge,common,221
Dream,common,624
faith,common,574
History,common,1608
American,common,2910
Ability,medium,69
Book,common,10899
Holiday,common,258
Easy,common,843
Strength,common,119
Little,common,1345
Whole,common,121
Mosaics,rare,5
Blue,common,473
Travel,common,609
Homes,common,479
Coming,common,382
Promotion,rare,9
Student,common,313
2008,medium,57
Sewing,medium,88
famous,common,143
Healthy,common,479
Fountains,medium,15
Research,common,159
Month,medium,77
Best,common,1431
Past,common,365
Learning,common,328
Maze,medium,39
World,common,2941
Rough,common,858
Eurasia,rare,2
Reliable,rare,9
Make,common,959
Other,common,2105
Thing,common,1364
life,common,3932
2010,medium,44
Viscount,rare,3
Pottery,medium,24
Love,common,2132
Julie,medium,44
Click,medium,17
Youth,common,115
WATER,common,422
History,common,1608
Solving,medium,65
Restored,rare,6
Collection,common,777
Licensed,rare,3
Travel,common,609
Weapons,medium,47
Hall,common,526
Class,common,1516
Edition,common,2259
Friends,common,558
Computer,common,170
Spirituality,medium,64
Packing,medium,16
Beheading,rare,1
Future,common,341
Fiction,common,312
Volume,common,556
Sleepless,rare,4
Literature,common,246
Markets,medium,46
Jewish,common,208
Orphan's,rare,3
Queen,common,237
Teddy,medium,54
Diane's,rare,1
Peak,common,365
Dubliners,rare,8
Delicious,common,234
Dish,common,177
Ruler,rare,6
Fetch,rare,1
Apes,common,129
Pond,common,105
Real,common,802
Hood,common,369
Freaky,rare,3
Flea,medium,26
Animals,common,246
Scrabble,medium,15
George,common,317
Needlework,medium,20
Level,common,636
Aquarium,medium,32
Classic,common,1256
Health,common,1245
Collection,common,777
Inventions,medium,22
Classics,common,809
Scoops,rare,2
Miles,medium,41
Fanny,rare,8
Read,common,2524
Photographers,medium,27
Cream,medium,54
Decision,common,109
Schools,medium,91
Republicans,medium,15
Reading,common,726
Hush,rare,10
Country,common,677
Read,common,2524
Meet,common,167
Edition,common,2259
Gold,common,759
Picking,medium,12
Aging,common,321
Renegades,rare,5
Baby's,medium,51
Onion,medium,19
2000,common,131
Boys,common,241
Weeks,medium,50
Baron's,rare,1
BOOK,common,10899
Rolling,medium,48
Picking,medium,12
Ideals,medium,62
Narrative,medium,45
Books,common,1810
Cooking,common,934
Straight,medium,79
Life,common,3932
Fibroid,rare,2
Edition,common,2259
Dangers,medium,12
King,common,3539
Sixth,medium,46
Larson,rare,1
Rogets,rare,2
Weight,common,331
Bunnies,medium,13
Rate,common,1606
Village,medium,53
glass,common,164
Mile,common,103
North,common,341
Total,common,158
Dragons,medium,55
Trees,medium,88
Food,common,787
Book,common,10899
Puffins,medium,23
Treasury,common,307
Ancient,common,210
Spiritual,common,359
American,common,2910
Cyclops,rare,2
Years,common,601
Reading,common,726
Favorite,common,552
Presidential,medium,89
Shia,rare,8
Book,common,10899
World,common,2941
Peer,rare,5
Write,common,505
Shui,medium,63
Holliday,rare,3
DESERT,medium,73
Family,common,1094
Sexual,common,152
Complete,common,1511
Guide,common,5846
Justice,common,150
Likely,medium,35
Historic,common,307
Moon,common,346
Enemy,medium,50
Sight,common,185
Story,common,3364
Home,common,2250
Game,common,552
Flying,medium,63
Warriors,medium,59
Nefertiti,rare,2
Escapes,medium,18
World,common,2941
Mysteries,common,589
Body,common,607
Approach,common,273
Sisters,common,172
Color,common,463
Coelura,rare,3
Gentlemen,medium,20
Competing,medium,13
Solution,common,263
Spectacular,medium,28
Life's,common,127
Star,common,1111
Ausa,rare,10
Royal,common,118
Portfolio,medium,32
back,common,1041
Seed,medium,53
arguments,medium,17
Cookies,medium,74
Race,common,419
Step,common,1012
Leading,common,114
Deception,medium,69
Presence,medium,52
Stuffed,rare,5
Camera,medium,42
Harrods,rare,1
lives,common,348
Wildcat,rare,4
Orbit,rare,9
Beer,medium,55
death,common,491
Milk,medium,32
Drama,medium,98
Beanie,rare,8
Murder,common,368
Never,common,276
Trees,medium,88
Flight,medium,98
Flowers,common,180
Knitting,medium,55
Death,common,491
Chocolate,common,141
Quiz,medium,58
Honored,rare,6
Church,common,357
Family,common,1094
Storybook,common,173
Indoor,medium,43
Pioneers,medium,22
Fields,medium,55
Fable,medium,49
Volume,common,556
Eagle,medium,88
1600,medium,17
Birds,common,172
Book,common,10899
Book,common,10899
Story,common,3364
Eagles,medium,25
Club,common,363
Alissa,rare,1
Plans,medium,63
Golden,common,577
Publishers,medium,36
Ladies,common,117
Crocker,common,122
Teachers,medium,98
Darwin,medium,42
Club,common,363
Panther,rare,8
Present,common,295
rescuers,rare,6
Trek,common,131
Novel,common,4110
Sweetsmoke,rare,1
Sculpture,medium,33
Questions,common,314
Tales,common,633
Guide,common,5846
Heaven,common,233
Illustrated,common,538
Sheen,rare,2
Files,common,132
Workshop,medium,55
Children's,common,277
Bible,common,839
Handbook,common,869
Columnist,rare,4
Walkways,rare,6
Murder,common,368
Nobody's,medium,14
Gumboot's,rare,1
Library,common,932
Chronicles,common,239
Slang,medium,19
Maximizing,medium,11
Love,common,2132
Left,common,118
Pocket,common,293
Booster,rare,9
Insults,rare,3
Paige,rare,5
Knight's,rare,9
Days,common,504
Times,common,414
Illustrator,medium,11
Dead,common,416
Expensive,rare,10
Courage,common,241
Talks,medium,29
Book,common,10899
Diana,medium,57
Complete,common,1511
Games,common,204
Catholic,common,179
past,common,365
Quilting,medium,100
Brain,common,215
Amish,medium,66
Dawn,medium,89
Portrait,common,256
Halloween,medium,77
Sholom,rare,1
Little,common,1345
Sale,common,158
Sparrow,medium,21
Greatest,common,312
Parable,medium,33
